symbol,name,industry,country,url
A,Agilent Technologies Inc,Diagnostics & Research,USA,https://www.agilent.com
AA,Alcoa Corp,Aluminum,USA,https://www.alcoa.com
AABA,Altaba Inc,Other,USA,www.altaba.com
AAL,American Airlines Group,Airlines,USA,https://www.aa.com
AAP,Advance Auto Parts Inc,Specialty Retail,USA,https://www.advanceautoparts.com
AAPL,Apple Inc,Consumer Electronics,USA,https://www.apple.com
ABBV,AbbVie Inc,Drug Manufacturers - General,USA,https://www.abbvie.com
ABC,AmerisourceBergen,Medical Distribution,USA,https://www.amerisourcebergen.com
ABK,Ambac Financial Group Inc,Other,USA,
ABMD,ABIOMED Inc,Healthcare Equipment & Supplies,USA,https://www.abiomed.com
ABS,ALBERTSONS COS INC,Other,USA,www.albertsons.com
ABT,Abbott Laboratories,Medical Devices,USA,https://www.abbott.com
ACAS,American Capital Ltd,Other,USA,www.americancapital.com
ACGL,Arch Capital Group Ltd,Insurance - Diversified,USA,https://www.archgroup.com
ACN,Accenture plc,Information Technology Services,USA,https://www.accenture.com
ADBE,Adobe Systems Incorporated,Software - Infrastructure,USA,https://www.adobe.com
ADI,Analog Devices Inc,Semiconductors,USA,https://www.analog.com
ADM,Archer-Daniels-Midland Company,Farm Products,USA,https://www.adm.com
ADP,Automatic Data Processing Inc,Staffing & Employment Services,USA,https://www.adp.com
ADS,Alliance Data Systems Corporation,Credit Services,USA,https://www.breadfinancial.com
ADSK,Autodesk Inc,Software - Application,USA,https://www.autodesk.com
ADT,ADT Inc,Security & Protection Services,USA,
AEE,Ameren Corp,Utilities - Regulated Electric,USA,https://www.ameren.com
AEP,American Electric Power Company Inc,Utilities - Regulated Electric,USA,https://www.aep.com
AES,The AES Corporation,Utilities - Diversified,USA,https://www.aes.com
AFL,Aflac Incorporated,Insurance - Life,USA,https://www.aflac.com
AGN,Allergan plc, Drug Manufacturers - General,USA,http://www.allergan.com
AIG,American International Group Inc,Insurance - Diversified,USA,https://www.aig.com
AINV,Apollo Investment Corp,Capital Markets,USA,https://www.apolloic.com
AIV,Apartment Investment and Management Co,REIT - Residential,USA,https://www.aimco.com
AIZ,Assurant Inc,Insurance - Specialty,USA,https://www.assurant.com
AJG,Arthur J Gallagher & Co,Insurance Brokers,USA,https://www.ajg.com
AKAM,Akamai Technologies Inc,Software - Infrastructure,USA,https://www.akamai.com
AKS,AK Steel Holding Corporation,Other,USA,www.aksteel.com
ALB,Albemarle Corp,Specialty Chemicals,USA,https://www.albemarle.com
ALGN,Align Technology Inc,Medical Devices,USA,https://www.aligntech.com
ALK,Alaska Air Group Inc,Airlines,USA,https://www.alaskaair.com
ALL,The Allstate Corporation,Insurance - Property & Casualty,USA,https://www.allstate.com
ALLE,Allegion PLC,Security & Protection Services,USA,https://www.allegion.com
ALTR,Altair Engineering Inc,Software - Infrastructure,USA,https://www.altair.com
ALXN,Alexion Pharmaceuticals Inc,Biotechnology,USA,http://www.alexion.com
AMAT,Applied Materials Inc,Semiconductor Equipment & Materials,USA,https://www.appliedmaterials.com
AMCR,Amcor PLC,Packaging & Containers,USA,https://www.amcor.com
AMD,Advanced Micro Devices Inc,Semiconductors,USA,https://www.amd.com
AME,Ametek Inc,Specialty Industrial Machinery,USA,https://www.ametek.com
AMG,Affiliated Managers Group Inc,Asset Management,USA,https://www.amg.com
AMGN,Amgen Inc,Drug Manufacturers - General,USA,https://www.amgen.com
AMLN,Amylin Pharmaceuticals LLC,Other,USA,
AMP,Ameriprise Financial Inc,Asset Management,USA,https://www.ameriprise.com
AMT,American Tower Corp,REIT - Specialty,USA,https://www.americantower.com
AMZN,Amazon.com Inc,Internet Retail,USA,https://www.amazon.com
AN,AutoNation Inc,Auto & Truck Dealerships,USA,https://www.autonation.com
ANDV,Andeavor,Other,USA,www.andeavor.com
ANET,Arista Networks,Computer Hardware,USA,https://www.arista.com
ANF,Abercrombie & Fitch Company,Apparel Retail,USA,https://www.abercrombie.com
ANR,Alpha Natural Resources Inc,Other,USA,
ANSS,ANSYS Inc,Software - Application,USA,https://www.ansys.com
ANTM,Anthem Inc,Healthcare Plans,USA,https://www.antheminc.com
AON,Aon PLC,Insurance Brokers,USA,https://www.aon.com
AOS,Smith AO Corporation,Specialty Industrial Machinery,USA,https://www.aosmith.com
APA,APA Corporation,Oil & Gas E&P,USA,https://apacorp.com
APC,Anadarko Petroleum Corporation,Other,USA,www.anadarko.com
APD,Air Products and Chemicals Inc,Specialty Chemicals,USA,https://www.airproducts.com
APH,Amphenol Corporation,Electronic Components,USA,https://www.amphenol.com
APOL,Apollo Education Group Inc,Other,USA,www.apollo.edu
APTV,Aptiv PLC,Auto Parts,USA,https://www.aptiv.com
ARE,Alexandria Real Estate Equities Inc,REIT - Office,USA,https://www.are.com
ARG,Airgas Inc,Other,USA,www.airgas.com
ARNC,Arconic Corporation,Metal Fabrication,USA,https://www.arconic.com
ASH,Ashland Global Holdings Inc,Specialty Chemicals,USA,https://www.ashland.com
AT,Atlantic Power Corporation, Utilities - Independent Power Producers,USA,http://www.atlanticpower.com
ATI,Allegheny Technologies Incorporated,Metal Fabrication,USA,https://www.atimaterials.com
ATO,Atmos Energy Corporation,Utilities - Regulated Gas,USA,https://www.atmosenergy.com
ATVI,Activision Blizzard Inc,Electronic Gaming & Multimedia,USA,https://www.activisionblizzard.com
AV,Aviva Plc,Other,USA,
AVB,AvalonBay Communities Inc,REIT - Residential,USA,https://www.avalonbay.com
AVGO,Broadcom Inc,Semiconductors,USA,https://www.broadcom.com
AVP,Avon Products Inc,Other,USA,http://www.avonworldwide.com
AVY,Avery Dennison Corp,Packaging & Containers,USA,https://www.averydennison.com
AWK,American Water Works,Utilities - Regulated Water,USA,https://www.amwater.com
AXON,Axon Enterprise Inc.,Aerospace & Defense,USA,https://www.axon.com
AXP,American Express Company,Credit Services,USA,https://www.americanexpress.com
AYE,ALLEGHENY ENERGY INC,Other,USA,
AYI,Acuity Brands Inc,Electrical Equipment & Parts,USA,https://www.acuitybrands.com
AZO,AutoZone Inc,Specialty Retail,USA,https://www.autozone.com
BA,The Boeing Company,Aerospace & Defense,USA,https://www.boeing.com
BAC,Bank of America Corp,Banks - Diversified,USA,https://www.bankofamerica.com
BALL,Ball Corporation,Packaging & Containers,USA,https://www.ball.com
BAX,Baxter International Inc,Medical Instruments & Supplies,USA,https://www.baxter.com
BBBY,Bed Bath & Beyond Inc,Specialty Retailers,USA,https://www.bedbathandbeyond.com
BBT,Truist Financial Corporation,Other,USA,www.bbt.com
BBWI,Bath & Body Works Inc.,Specialty Retail,USA,https://www.bbwinc.com
BBY,Best Buy Co. Inc,Specialty Retail,USA,https://investors.bestbuy.com/investor-relations/o
BC,Brunswick Corporation,Recreational Vehicles,USA,https://www.brunswick.com
BCR,C.R. Bard Inc,Other,USA,www.crbard.com
BDX,Becton Dickinson and Company,Medical Instruments & Supplies,USA,https://www.bd.com
BEAM,Beam Therapeutics Inc,Biotechnology,USA,https://www.beamtx.com
BEN,Franklin Resources Inc,Asset Management,USA,https://www.franklinresources.com
BF-B,Brown-Forman Corporation,Beverages - Wineries & Distilleries,USA,https://www.brown-forman.com
BG,Bunge Limited,Farm Products,USA,https://www.bunge.com
BHF,Brighthouse Financial Inc,Insurance - Life,USA,https://www.brighthousefinancial.com
BHGE,Baker Hughes a GE company,Other,USA,www.bhge.com
BHI,Baker Hughes Inc,Other,USA,www.bhge.com
BIG,Big Lots Inc,Discount Stores,USA,https://www.biglots.com
BIIB,Biogen Inc,Drug Manufacturers - General,USA,https://www.biogen.com
BIO,Bio-Rad Laboratories Inc,Medical Devices,USA,https://www.bio-rad.com
BJS,BJ SERVICES CO,Other,USA,www.bjservices.com
BK,Bank of New York Mellon,Asset Management,USA,https://www.bnymellon.com
BKNG,Booking Holdings Inc,Travel Services,USA,https://www.bookingholdings.com
BKR,Baker Hughes Co,Oil & Gas Equipment & Services,USA,https://www.bakerhughes.com
BLK,BlackRock Inc,Asset Management,USA,https://www.blackrock.com
BLL,Ball Corporation,Packaging & Containers,USA,https://www.ball.com
BMC,Bmc Software Inc,,USA,
BMRN,Biomarin Pharmaceutical Inc,Biotechnology,USA,https://www.biomarin.com
BMS,Bemis Company Inc,Other,USA,www.bemis.com
BMY,Bristol-Myers Squibb Company,Drug Manufacturers - General,USA,https://www.bms.com
BR,Broadridge Financial Solutions Inc,Information Technology Services,USA,https://www.broadridge.com
BRCM,Broadcom Corp,Other,USA,
BRK,Berkshire Hathaway Inc Class A,,USA,
BRK-B,Berkshire Hathaway Inc,Insurance - Diversified,USA,https://www.berkshirehathaway.com
BRO,Brown & Brown Inc,Insurance Brokers,USA,https://www.bbinsurance.com
BS,Bethlehem Steel Corp,Other,USA,
BSX,Boston Scientific Corp,Medical Devices,USA,https://www.bostonscientific.com
BTU,Peabody Energy Corp,Thermal Coal,USA,https://www.peabodyenergy.com
BUD,Anheuser Busch Inbev NV ADR,Beverages - Brewers,USA,https://www.ab-inbev.com
BWA,BorgWarner Inc,Auto Parts,USA,https://www.borgwarner.com
BXLT,Baxalta Inc,Other,USA,
BXP,Boston Properties Inc,REIT - Office,USA,https://www.bostonproperties.com
C,Citigroup Inc,Banks - Diversified,USA,https://www.citigroup.com
CA,CA Inc,Other,USA,www.ca.com
CAG,ConAgra Foods Inc,Packaged Foods,USA,https://www.conagrabrands.com
CAH,Cardinal Health Inc,Medical Distribution,USA,https://www.cardinalhealth.com
CAM,Cameron International Corp,Other,USA,www.cameron.slb.com
CARR,Carrier Global Corp,Building Products & Equipment,USA,https://www.corporate.carrier.com
CAT,Caterpillar Inc,Farm & Heavy Construction Machinery,USA,https://www.caterpillar.com
CB,Chubb Ltd,Insurance - Property & Casualty,USA,https://www.chubb.com/us-en
CBE,Cooper Industries plc,Other,USA,
CBG,CBRE Group Inc,Other,USA,
CBOE,Cboe Global Markets Inc,Financial Data & Stock Exchanges,USA,https://www.cboe.com
CBRE,CBRE Group Inc Class A,Real Estate Services,USA,https://www.cbre.com
CC,Chemours Co,Specialty Chemicals,USA,https://www.chemours.com
CCE,Coca-Cola European Partners plc,Other,USA,
CCI,Crown Castle,REIT - Specialty,USA,https://www.crowncastle.com
CCK,Crown Holdings Inc,Packaging & Containers,USA,https://www.crowncork.com
CCL,Carnival Corporation,Travel Services,USA,https://www.carnivalcorp.com
CCU,Compania Cervecerias Unidas SA ADR,Beverages - Brewers,USA,https://www.ccu.cl
CDAY,Ceridian HCM Holding Inc,Software - Application,USA,https://www.ceridian.com
CDNS,Cadence Design Systems Inc,Software - Application,USA,https://www.cadence.com
CDW,CDW Corp,Information Technology Services,USA,https://www.cdw.com
CE,Celanese Corporation,Chemicals,USA,https://www.celanese.com
CEG,Constellation Energy Corp,Utilities - Renewable,USA,https://constellationenergy.com
CEG_old,CONSTELLATION ENERGY GROUP INC, Utilities - Renewable,USA,
CELG,Celgene Corporation, Drug Manufacturers - General,USA,http://www.celgene.com
CEPH,Cephalon Inc,Other,USA,
CERN,Cerner Corp,Health Care Technology,USA,https://www.cerner.com
CF,CF Industries Holdings Inc,Agricultural Inputs,USA,https://www.cfindustries.com
CFG,Citizens Financial Group Inc,Banks - Regional,USA,https://www.citizensbank.com
CFN,CareFusion Corp,Other,USA,
CHD,Church & Dwight Company Inc,Household & Personal Products,USA,https://churchdwight.com
CHK,Chesapeake Energy Corp,Oil & Gas E&P,USA,https://www.chk.com
CHKP,Check Point Software Technologies Ltd,Software - Infrastructure,USA,https://www.checkpoint.com
CHRW,CH Robinson Worldwide Inc,Integrated Freight & Logistics,USA,https://www.chrobinson.com
CHTR,Charter Communications Inc,Telecom Services,USA,https://corporate.charter.com
CI,Cigna Corp,Healthcare Plans,USA,https://www.cigna.com
CIEN,Ciena Corp,Communication Equipment,USA,https://www.ciena.com
CINF,Cincinnati Financial Corporation,Insurance - Property & Casualty,USA,https://www.cinfin.com
CIT,CIT Group Inc, Banks - Regional,USA,https://www.cit.com
CL,Colgate-Palmolive Company,Household & Personal Products,USA,https://www.colgatepalmolive.com
CLF,Cleveland-Cliffs Inc,Steel,USA,https://www.clevelandcliffs.com
CLX,The Clorox Company,Household & Personal Products,USA,https://www.thecloroxcompany.com
CMA,Comerica Inc,Banks - Regional,USA,https://www.comerica.com
CMCSA,Comcast Corp,Telecom Services,USA,https://corporate.comcast.com
CMCSK,Comcast Corp,Other,USA,
CME,CME Group Inc,Financial Data & Stock Exchanges,USA,https://www.cmegroup.com
CMG,Chipotle Mexican Grill Inc,Restaurants,USA,https://www.chipotle.com
CMI,Cummins Inc,Specialty Industrial Machinery,USA,https://www.cummins.com
CMS,CMS Energy Corporation,Utilities - Regulated Electric,USA,https://www.cmsenergy.com
CNC,Centene Corp,Healthcare Plans,USA,https://www.centene.com
CNP,CenterPoint Energy Inc,Utilities - Regulated Electric,USA,https://www.centerpointenergy.com
CNX,CNX Resources Corp,Oil & Gas E&P,USA,https://www.cnx.com
COF,Capital One Financial Corporation,Credit Services,USA,https://www.capitalone.com
COG,Cabot Oil & Gas Corporation,Oil & Gas E&P,USA,http://www.cabotog.com
COH,Coach Inc,Other,USA,
COL,Rockwell Collins Inc,Other,USA,www.rockwellcollins.com
COO,The Cooper Companies Inc. Common Stock,Medical Instruments & Supplies,USA,https://www.coopercos.com
COP,ConocoPhillips,Oil & Gas E&P,USA,https://www.conocophillips.com
COST,Costco Wholesale Corp,Discount Stores,USA,https://www.costco.com
COTY,Coty Inc,Household & Personal Products,USA,https://www.coty.com
COV,Covidien plc,Other,USA,
CPB,Campbell Soup Company,Packaged Foods,USA,https://www.campbellsoupcompany.com
CPGX,Columbia Pipeline Group Inc,Other,USA,www.cpg.com
CPRI,Capri Holdings Ltd,Luxury Goods,USA,https://www.capriholdings.com
CPRT,Copart Inc,Specialty Business Services,USA,https://www.copart.com
CPT,Camden Property Trust,REIT - Residential,USA,https://www.camdenliving.com
CPWR,Ocean Thermal Energy Corp,Utilities - Renewable,USA,https://otecorporation.com
CRL,Charles River Laboratories,Diagnostics & Research,USA,https://www.criver.com
CRM,Salesforce.com Inc,Software - Application,USA,https://www.salesforce.com
CSC,Computer Sciences Corp,Other,USA,
CSCO,Cisco Systems Inc,Communication Equipment,USA,https://www.cisco.com
CSGP,CoStar Group Inc,Real Estate Services,USA,https://www.costargroup.com
CSRA,CSRA Inc,Other,USA,www.csra.com
CSX,CSX Corporation,Railroads,USA,https://www.csx.com
CTAS,Cintas Corporation,Specialty Business Services,USA,https://www.cintas.com
CTL,Lumen Technologies Inc,Telecom Services,USA,http://www.lumen.com
CTLT,Catalent Inc,Drug Manufacturers - Specialty & Generic,USA,https://www.catalent.com
CTRA,Coterra Energy Inc,Oil & Gas E&P,USA,https://www.coterra.com
CTRP,Trip.com Group Limited,Other,USA,
CTRX,Catamaran Corp (USA),Other,USA,www.catamaranrx.com
CTSH,Cognizant Technology Solutions Corp Class A,Information Technology Services,USA,https://www.cognizant.com
CTVA,Corteva Inc,Agricultural Inputs,USA,https://www.corteva.com
CTX,Qwest Corp,Other,USA,
CTXS,Citrix Systems Inc, Software - Application,USA,https://www.citrix.com
CVC,Cablevision Systems Corp,Other,USA,
CVG,Convergys Corporation,Other,USA,
CVH,Coventry Health Care Inc,Other,USA,
CVS,CVS Health Corp,Healthcare Plans,USA,https://www.cvshealth.com
CVX,Chevron Corp,Oil & Gas Integrated,USA,https://www.chevron.com
CXO,Concho Resources Inc,Oil & Gas E&P,USA,http://www.concho.com
CZR,Caesars Entertainment Corporation,Resorts & Casinos,USA,https://www.caesars.com
D,Dominion Energy Inc,Utilities - Regulated Electric,USA,https://www.dominionenergy.com
DAL,Delta Air Lines Inc,Airlines,USA,https://www.delta.com
DD,Dupont De Nemours Inc,Specialty Chemicals,USA,https://www.dupont.com
DDR,DDR Corp,Other,USA,
DDS,Dillards Inc,Department Stores,USA,https://www.dillards.com
DE,Deere & Company,Farm & Heavy Construction Machinery,USA,https://www.deere.com
DELL,Dell Technologies Inc,Computer Hardware,USA,https://www.delltechnologies.com
DF,Dean Foods Company,Other,USA,www.deanfoods.com
DFS,Discover Financial Services,Credit Services,USA,https://www.discover.com
DG,Dollar General Corporation,Discount Stores,USA,https://www.dollargeneral.com
DGX,Quest Diagnostics Incorporated,Diagnostics & Research,USA,https://www.questdiagnostics.com
DHI,DR Horton Inc,Residential Construction,USA,https://www.drhorton.com
DHR,Danaher Corporation,Diagnostics & Research,USA,https://www.danaher.com
DIS,Walt Disney Company,Entertainment,USA,https://www.thewaltdisneycompany.com
DISCA,Discovery Inc,Entertainment,USA,https://corporate.discovery.com
DISCK,Discovery Inc,Entertainment,USA,https://corporate.discovery.com
DISH,DISH Network Corporation,Telecom Services,USA,https://www.dish.com
DJ,Dow Jones & Co Inc,Other,USA,
DLPH,Delphi Technologies PLC,Auto Parts,USA,http://www.delphi.com
DLR,Digital Realty Trust Inc,REIT - Specialty,USA,https://www.digitalrealty.com
DLTR,Dollar Tree Inc,Discount Stores,USA,https://www.dollartree.com
DNB,Dun & Bradstreet Holdings Inc.,Financial Data & Stock Exchanges,USA,https://www.dnb.com
DNR,Denbury Resources Inc,Oil & Gas E&P,USA,http://www.denbury.com
DO,Diamond Offshore Drilling Inc,Oil & Gas Drilling,USA,https://www.diamondoffshore.com
DOV,Dover Corporation,Specialty Industrial Machinery,USA,https://www.dovercorporation.com
DOW,Dow Inc,Chemicals,USA,https://www.dow.com
DPS,Dr Pepper Snapple Group Inc,Other,USA,www.drpeppersnapplegroup.com
DPZ,Domino’s Pizza Inc,Restaurants,USA,https://www.dominos.com
DRE,Duke Realty Corporation, REIT - Industrial,USA,https://www.dukerealty.com
DRI,Darden Restaurants Inc,Restaurants,USA,https://www.darden.com
DTE,DTE Energy Company,Utilities - Regulated Electric,USA,https://newlook.dteenergy.com
DTV,DIRECTV,Other,USA,
DUK,Duke Energy Corporation,Utilities - Regulated Electric,USA,https://www.duke-energy.com
DV,DoubleVerify Holdings Inc,Software - Application,USA,https://www.doubleverify.com
DVA,DaVita HealthCare Partners Inc,Medical Care Facilities,USA,https://www.davita.com
DVN,Devon Energy Corporation,Oil & Gas E&P,USA,https://www.devonenergy.com
DWDP,DowDuPont Inc,Other,USA,www.dow-dupont.com
DXC,DXC Technology Co,Information Technology Services,USA,https://www.dxc.technology
DXCM,DexCom Inc,Medical Devices,USA,https://www.dexcom.com
DYN,Dyne Therapeutics Inc,Biotechnology,USA,https://www.dyne-tx.com
EA,Electronic Arts Inc,Electronic Gaming & Multimedia,USA,https://www.ea.com
EBAY,eBay Inc,Internet Retail,USA,https://www.ebayinc.com
ECL,Ecolab Inc,Specialty Chemicals,USA,https://www.ecolab.com
ED,Consolidated Edison Inc,Utilities - Regulated Electric,USA,https://www.conedison.com
EDS,Exceed Company Ltd,Other,USA,
EFX,Equifax Inc,Consulting Services,USA,https://www.equifax.com
EG,Everest Group Ltd,Insurance - Reinsurance,USA,https://www.everestre.com
EIX,Edison International,Utilities - Regulated Electric,USA,https://www.edison.com
EK,Eastman Kodak,,USA,
EL,Estee Lauder Companies Inc,Household & Personal Products,USA,https://www.elcompanies.com
ELV,Elevance Health Inc,Healthcare Plans,USA,https://www.elevancehealth.com
EMC,Global X Funds,,USA,www.emc.com
EMN,Eastman Chemical Company,Specialty Chemicals,USA,https://www.eastman.com
EMR,Emerson Electric Company,Specialty Industrial Machinery,USA,https://www.emerson.com
ENDP,Endo International PLC,Pharmaceuticals,USA,https://www.endo.com
ENPH,Enphase Energy Inc,Solar,USA,https://www.enphase.com
EOG,EOG Resources Inc,Oil & Gas E&P,USA,https://www.eogresources.com
EP,Empire Petroleum Corp,Oil & Gas E&P,USA,https://empirepetroleumcorp.com
EPAM,EPAM Systems Inc,Information Technology Services,USA,https://www.epam.com
EQ,Equillium Inc,Biotechnology,USA,https://equilliumbio.com
EQIX,Equinix Inc,REIT - Specialty,USA,https://www.equinix.com
EQR,Equity Residential,REIT - Residential,USA,https://www.equityapartments.com
EQT,EQT Corporation,Oil & Gas E&P,USA,https://www.eqt.com
ES,Eversource Energy,Utilities - Regulated Electric,USA,https://www.eversource.com
ESRX,Express Scripts Holding Company,Other,USA,www.express-scripts.com
ESS,Essex Property Trust Inc,REIT - Residential,USA,https://www.essexapartmenthomes.com
ESV,Valaris plc,Other,USA,www.enscoplc.com
ETFC,E*TRADE Financial LLC,Capital Markets,USA,http://about.etrade.com
ETN,Eaton Corporation PLC,Specialty Industrial Machinery,USA,https://www.eaton.com
ETR,Entergy Corporation,Utilities - Regulated Electric,USA,https://www.entergy.com
ETSY,Etsy Inc,Internet Retail,USA,https://www.etsy.com
EVHC,Envision Healthcare Holdings,Other,USA,www.evhc.net
EVRG,Evergy Inc. Common Stock,Utilities - Regulated Electric,USA,https://www.evergyinc.com
EW,Edwards Lifesciences Corp,Medical Devices,USA,https://www.edwards.com
EXC,Exelon Corporation,Utilities - Regulated Electric,USA,https://www.exeloncorp.com
EXPD,Expeditors International of Washington Inc,,USA,https://www.expeditors.com
EXPE,Expedia Group Inc.,Travel Services,USA,https://www.expediagroup.com
EXR,Extra Space Storage Inc,REIT - Industrial,USA,https://www.extraspace.com
F,Ford Motor Company,Auto Manufacturers,USA,https://www.ford.com
FANG,Diamondback Energy Inc,Oil & Gas E&P,USA,https://www.diamondbackenergy.com
FAST,Fastenal Company,Industrial Distribution,USA,https://www.fastenal.com
FB,Meta Platforms Inc.,Internet Content & Information,USA,https://investor.fb.com
FBHS,Fortune Brands Home & Security Inc,Homebuilding & Construction Supplies,USA,https://www.fbhs.com
FCX,Freeport-McMoran Copper & Gold Inc,Copper,USA,https://fcx.com
FDC,First Data Corporation,Other,USA,www.firstdata.com/en_us/home.html
FDO,Family Dollar Stores Inc,Other,USA,www.familydollar.com
FDS,FactSet Research Systems Inc,Financial Data & Stock Exchanges,USA,https://www.factset.com
FDX,FedEx Corporation,Integrated Freight & Logistics,USA,https://www.fedex.com
FE,FirstEnergy Corporation,Utilities - Regulated Electric,USA,https://www.firstenergycorp.com
FFIV,F5 Networks Inc,Software - Infrastructure,USA,https://www.f5.com
FHN,First Horizon National Corporation,Banks - Regional,USA,https://www.firsthorizon.com
FI,Fiserv Inc.,Information Technology Services,USA,http://franksinternational.com
FICO,Fair Isaac Corporation,Software - Application,USA,https://www.fico.com
FII,Federated Hermes Inc,Asset Management,USA,http://www.federatedinvestors.com
FIS,Fidelity National Information Services Inc,Information Technology Services,USA,https://www.fisglobal.com
FISV,Fiserv Inc.,Information Technology Services,USA,https://www.fiserv.com
FITB,Fifth Third Bancorp,Banks - Regional,USA,https://www.53.com
FL,Foot Locker Inc,Apparel Retail,USA,https://www.footlocker-inc.com
FLEX,Flex Ltd,Electronic Components,USA,https://www.flex.com
FLIR,FLIR Systems Inc.,Scientific & Technical Instruments,USA,http://www.flir.com
FLR,Fluor Corporation,Engineering & Construction,USA,https://www.fluor.com
FLS,Flowserve Corporation,Specialty Industrial Machinery,USA,https://www.flowserve.com
FLT,Fleetcor Technologies Inc,Software - Infrastructure,USA,https://www.fleetcor.com
FMC,FMC Corporation,Agricultural Inputs,USA,https://www.fmc.com
FNM,FANNIE MAE,,USA,
FOSL,Fossil Group Inc,Luxury Goods,USA,https://www.fossilgroup.com
FOX,Fox Corp Class B,Entertainment,USA,https://www.foxcorporation.com
FOXA,Fox Corp Class A,Entertainment,USA,https://www.foxcorporation.com
FRC,FIRST REP BK SAN FRANCISCO CALIF N, Banks - Regional,USA,
FRE,Fresenius SE & Co KGaA,Other,USA,
FRT,Federal Realty Investment Trust,REIT - Retail,USA,https://www.federalrealty.com
FRX,Forest Laboratories,Pharmaceuticals,USA,
FSLR,First Solar Inc,Solar,USA,https://www.firstsolar.com
FTI,TechnipFMC PLC,Oil & Gas Equipment & Services,USA,https://www.technipfmc.com
FTNT,Fortinet Inc,Software - Infrastructure,USA,https://www.fortinet.com
FTR,Frontier Communications Corporation,Telecom Services,USA,http://www.frontier.com
FTV,Fortive Corp,Scientific & Technical Instruments,USA,https://www.fortive.com
FWLT,Foster Wheeler AG,Other,USA,
GAS,AGL Resources Inc,Other,USA,
GCI,Gannett Co Inc,Publishing,USA,https://www.gannett.com
GD,General Dynamics Corporation,Aerospace & Defense,USA,https://www.gd.com
GDI,Ingersoll Rand Inc,Diversified Machinery,USA,http://www.irco.com
GE,General Electric Company,Specialty Industrial Machinery,USA,https://www.ge.com
GEHC,GE HealthCare Technologies Inc.,Health Information Services,USA,
GEN,Gen Digital Inc.,Software - Infrastructure,USA,https://www.gendigital.com
GENZ,Genzyme Corp,Other,USA,
GGP,General Growth Properties Inc ,Other,USA,www.ggp.com
GHC,Graham Holdings Co,Education & Training Services,USA,https://www.ghco.com
GILD,Gilead Sciences Inc,Drug Manufacturers - General,USA,https://www.gilead.com
GIS,General Mills Inc,Packaged Foods,USA,https://www.generalmills.com
GL,Globe Life Inc,Insurance - Life,USA,https://www.globelifeinsurance.com
GLK,Great Lakes Chemical Corp,Other,USA,
GLW,Corning Incorporated,Electronic Components,USA,https://www.corning.com
GM,General Motors Company,Auto Manufacturers,USA,https://www.gm.com
GMCR,Green Mountain Coffee Roasters Inc,Other,USA,
GME,GameStop Corp,Specialty Retail,USA,https://www.gamestop.com
GNRC,Generac Holdings Inc,Specialty Industrial Machinery,USA,https://www.generac.com
GNW,Genworth Financial Inc,Insurance - Life,USA,https://www.genworth.com
GOOG,Alphabet Inc Class C,Internet Content & Information,USA,https://www.abc.xyz
GOOGL,Alphabet Inc Class A,Internet Content & Information,USA,https://www.abc.xyz
GPC,Genuine Parts Co,Specialty Retail,USA,https://www.genpt.com
GPN,Global Payments Inc,Specialty Business Services,USA,https://www.globalpaymentsinc.com
GPS,Gap Inc,Apparel Retail,USA,https://www.gapinc.com
GR,Goodrich Corp,Other,USA,
GRA,W. R. Grace & Co,Specialty Chemicals,USA,http://www.grace.com
GRMN,Garmin Ltd,Scientific & Technical Instruments,USA,https://www.garmin.com
GS,Goldman Sachs Group Inc,Capital Markets,USA,https://www.goldmansachs.com
GT,Goodyear Tire & Rubber Co,Auto Parts,USA,https://www.goodyear.com
GWW,WW Grainger Inc,Industrial Distribution,USA,https://www.grainger.com
HAL,Halliburton Company,Oil & Gas Equipment & Services,USA,https://www.halliburton.com
HAR,Harman International Industries Inc./DE/,Other,USA,www.harman.com
HAS,Hasbro Inc,Leisure,USA,https://www.hasbro.com
HBAN,Huntington Bancshares Incorporated,Banks - Regional,USA,https://www.huntington.com
HBI,Hanesbrands Inc,Apparel Manufacturing,USA,https://www.hanes.com
HCA,HCA Holdings Inc,Medical Care Facilities,USA,https://www.hcahealthcare.com
HCBK,Hudson City Bancorp Inc,Other,USA,
HCN,Welltower Inc,Other,USA,
HCP,Hashicorp Inc,Software - Infrastructure,USA,https://www.hashicorp.com
HCR,Hi-Crush Inc,Oil & Gas Equipment & Services,USA,http://www.hicrush.com
HD,Home Depot Inc,Home Improvement Retail,USA,https://www.homedepot.com
HES,Hess Corporation,Oil & Gas E&P,USA,https://www.hess.com
HFC,HollyFrontier Corporation,"Oil, Gas & Consumable Fuels",USA,
HIG,Hartford Financial Services Group,Insurance - Property & Casualty,USA,https://www.thehartford.com
HII,Huntington Ingalls Industries Inc,Aerospace & Defense,USA,https://www.huntingtoningalls.com
HLT,Hilton Worldwide Holdings Inc,Lodging,USA,https://www.hilton.com
HNZ,H. J. Heinz Company,Other,USA,
HOG,Harley-Davidson Inc,Recreational Vehicles,USA,https://www.harley-davidson.com
HOLX,Hologic Inc,Medical Instruments & Supplies,USA,https://www.hologic.com
HON,Honeywell International Inc,Conglomerates,USA,https://www.honeywell.com
HOT,Starwood Hotels & Resorts Worldwide Inc,Other,USA,www.starwood.com
HP,Helmerich and Payne Inc,Oil & Gas Drilling,USA,https://www.hpinc.com
HPE,Hewlett Packard Enterprise Co,Communication Equipment,USA,https://www.hpe.com
HPQ,HP Inc,Computer Hardware,USA,https://www.hp.com
HRB,H&R Block Inc,Personal Services,USA,https://www.hrblock.com
HRL,Hormel Foods Corporation,Packaged Foods,USA,https://www.hormelfoods.com
HRS,Harris Corporation,Other,USA,www.harris.com
HSH,Hillshire Brands Company,Other,USA,
HSIC,Henry Schein Inc,Medical Distribution,USA,https://www.henryschein.com
HSP,Hospira Inc,Other,USA,www.hospira.com
HST,Host Hotels & Resorts Inc,REIT - Hotel & Motel,USA,https://www.hosthotels.com
HSY,Hershey Co,Confectioners,USA,https://www.thehersheycompany.com
HUM,Humana Inc,Healthcare Plans,USA,https://www.humana.com
HWM,Howmet Aerospace Inc,Aerospace & Defense,USA,https://www.howmet.com
IAC,IAC Inc.,Internet Content & Information,USA,https://www.iac.com
IBM,International Business Machines,Information Technology Services,USA,https://www.ibm.com
ICE,Intercontinental Exchange Inc,Financial Data & Stock Exchanges,USA,https://www.ice.com
IDXX,IDEXX Laboratories Inc,Diagnostics & Research,USA,https://www.idexx.com
IEX,IDEX Corporation,Specialty Industrial Machinery,USA,https://www.idexcorp.com
IFF,International Flavors & Fragrances Inc,Specialty Chemicals,USA,https://www.iff.com
IGT,International Game Technology PLC,Gambling,USA,https://www.igt.com
ILMN,Illumina Inc,Diagnostics & Research,USA,https://www.illumina.com
INCY,Incyte Corporation,Biotechnology,USA,https://www.incyte.com
INFO,IHS Markit Ltd,Consulting Services,USA,https://www.ihsmarkit.com
INFY,Infosys Ltd ADR,Information Technology Services,USA,https://www.infosys.com
INTC,Intel Corporation,Semiconductors,USA,https://www.intel.com
INTU,Intuit Inc,Software - Application,USA,https://www.intuit.com
INVH,Invitation Homes Inc,REIT - Residential,USA,https://www.InvitationHomes.com
IP,International Paper,Packaging & Containers,USA,https://www.internationalpaper.com
IPG,Interpublic Group of Companies Inc,Advertising Agencies,USA,https://www.interpublic.com
IPGP,IPG Photonics Corporation,Semiconductor Equipment & Materials,USA,https://www.ipgphotonics.com
IQV,IQVIA Holdings Inc,Diagnostics & Research,USA,https://www.iqvia.com
IR,Ingersoll Rand Inc,Specialty Industrial Machinery,USA,https://www.irco.com
IRM,Iron Mountain Incorporated,REIT - Specialty,USA,https://www.ironmountain.com
ISRG,Intuitive Surgical Inc,Medical Instruments & Supplies,USA,https://www.intuitive.com
IT,Gartner Inc,Information Technology Services,USA,https://www.gartner.com
ITT,ITT Inc,Specialty Industrial Machinery,USA,https://www.itt.com
ITW,Illinois Tool Works Inc,Specialty Industrial Machinery,USA,https://www.itw.com
IVZ,Invesco Plc,Asset Management,USA,https://www.invesco.com
J,Jacobs Solutions Inc.,Engineering & Construction,USA,https://www.jacobs.com
JBHT,JB Hunt Transport Services Inc,Integrated Freight & Logistics,USA,https://www.jbhunt.com
JBL,Jabil Circuit Inc,Electronic Components,USA,https://www.jabil.com
JCI,Johnson Controls International PLC,Building Products & Equipment,USA,https://www.johnsoncontrols.com
JCP,J. C. Penney Company Inc,Department Stores,USA,http://www.jcpenney.com
JD,JD.com Inc Adr,Internet Retail,USA,https://www.jd.com
JDSU,JDS Uniphase Corp,Other,USA,
JEC,Jacobs Engineering Group Inc,Other,USA,www.jacobs.com
JEF,Jefferies Financial Group Inc,Capital Markets,USA,https://www.jefferies.com
JKHY,Jack Henry & Associates Inc,Information Technology Services,USA,https://www.jackhenry.com
JNJ,Johnson & Johnson,Drug Manufacturers - General,USA,https://www.jnj.com
JNPR,Juniper Networks Inc,Communication Equipment,USA,https://www.juniper.net
JNS,Janus Capital Group Inc,Other,USA,www.janus.com
JNY,The Jones Group Inc,Other,USA,www.ninewest.com
JOY,Joy Global Inc,Other,USA,www.joyglobal.com
JOYG,Joy Global Inc,,USA,
JPM,JPMorgan Chase & Co,Banks - Diversified,USA,https://www.jpmorganchase.com
JWN,Nordstrom Inc,Department Stores,USA,https://press.nordstrom.com
K,Kellanova,Packaged Foods,USA,https://www.kelloggcompany.com
KBH,KB Home,Residential Construction,USA,https://www.kbhome.com
KDP,Keurig Dr Pepper Inc,Beverages - Non-Alcoholic,USA,https://www.keurigdrpepper.com
KEY,KeyCorp,Banks - Regional,USA,https://www.key.com
KEYS,Keysight Technologies Inc,Scientific & Technical Instruments,USA,https://www.keysight.com
KFT,KFT,,USA,
KG,KING PHARMACEUTICALS INC,Other,USA,
KHC,Kraft Heinz Co,Packaged Foods,USA,https://www.kraftheinzcompany.com
KIM,Kimco Realty Corporation,REIT - Retail,USA,https://www.kimcorealty.com
KLAC,KLA-Tencor Corporation,Semiconductor Equipment & Materials,USA,https://www.kla.com
KMB,Kimberly-Clark Corporation,Household & Personal Products,USA,https://www.kimberly-clark.com
KMI,Kinder Morgan Inc,Oil & Gas Midstream,USA,https://www.kindermorgan.com
KMX,CarMax Inc,Auto & Truck Dealerships,USA,https://www.carmax.com
KO,The Coca-Cola Company,Beverages - Non-Alcoholic,USA,https://www.coca-colacompany.com
KORS,Michael Kors Holdings Limited,Other,USA,
KR,Kroger Company,Grocery Stores,USA,https://www.thekrogerco.com
KRFT,Kraft Foods Group Inc,Other,USA,
KSE,Keyspan Corp,Other,USA,
KSS,Kohls Corp,Department Stores,USA,https://www.Kohls.com
KSU,Kansas City Southern,Railroads,USA,https://www.kcsouthern.com
KVUE,Kenvue Inc.,Household & Personal Products,USA,
L,Loews Corp,Insurance - Property & Casualty,USA,https://www.loews.com
LB,L Brands Inc,Apparel Retail,USA,http://www.lb.com
LBTYK,Liberty Global PLC Class C,Telecom Services,USA,https://www.libertyglobal.com
LDOS,Leidos Holdings Inc,Information Technology Services,USA,https://www.leidos.com
LEG,Leggett & Platt Incorporated,"Furnishings, Fixtures & Appliances",USA,https://www.leggett.com
LEH,Lehman Brothers Holdings Inc,Other,USA,
LEN,Lennar Corporation,Residential Construction,USA,https://www.lennar.com
LH,Laboratory Corporation of America Holdings,Diagnostics & Research,USA,https://www.labcorp.com
LHX,L3Harris Technologies Inc,Aerospace & Defense,USA,https://www.l3harris.com
LIFE,aTyr Pharma Inc,Biotechnology,USA,https://www.atyrpharma.com
LIN,Linde plc Ordinary Shares,Specialty Chemicals,USA,https://www.linde.com
LKQ,LKQ Corporation,Auto Parts,USA,https://www.lkqcorp.com
LLL,JX Luxventure Ltd,Apparel Manufacturing,USA,https://en.jxluxventure.com
LLTC,Linear Technology Corp,Other,USA,www.linear.com
LLY,Eli Lilly and Company,Drug Manufacturers - General,USA,https://www.lilly.com
LM,Legg Mason Inc,Asset Management,USA,http://www.leggmason.com
LMCA,Liberty Media Corp,Other,USA,
LMCK,Liberty Media Corp,Other,USA,
LMT,Lockheed Martin Corporation,Aerospace & Defense,USA,https://www.lockheedmartin.com
LNC,Lincoln National Corporation,Insurance - Life,USA,https://www.lfg.com
LNT,Alliant Energy Corp,Utilities - Regulated Electric,USA,https://www.alliantenergy.com
LO,Lorillard Inc,Other,USA,
LOGI,Logitech International SA,Computer Hardware,USA,https://www.logitech.com
LOW,Lowe's Companies Inc,Home Improvement Retail,USA,https://www.lowes.com
LRCX,Lam Research Corp,Semiconductor Equipment & Materials,USA,https://www.lamresearch.com
LSI,Life Storage Inc,Residential & Commercial REITs,USA,https://www.lifestorage.com
LUK,Leucadia National Corporation,Other,USA,
LUMN,Lumen Technologies Inc,Telecom Services,USA,https://www.lumen.com
LUV,Southwest Airlines Company,Airlines,USA,https://www.southwest.com
LVLT,Level 3 Communications Inc,Other,USA,www.level3.com
LVNTA,Liberty Ventures,Other,USA,
LVS,Las Vegas Sands Corp,Resorts & Casinos,USA,https://www.sands.com
LW,Lamb Weston Holdings Inc,Packaged Foods,USA,https://www.lambweston.com
LXK,Lexmark International Inc,Other,USA,www.lexmark.com
LYB,LyondellBasell Industries NV,Specialty Chemicals,USA,https://www.lyondellbasell.com
LYV,Live Nation Entertainment Inc,Entertainment,USA,https://www.livenationentertainment.com
M,Macy’s Inc,Department Stores,USA,https://www.macysinc.com
MA,Mastercard Inc,Credit Services,USA,https://www.mastercard.com
MAA,Mid-America Apartment Communities Inc,REIT - Residential,USA,https://www.maac.com
MAC,Macerich Company,REIT - Retail,USA,https://www.macerich.com
MAR,Marriott International Inc,Lodging,USA,https://www.marriott.com
MAS,Masco Corporation,Building Products & Equipment,USA,https://masco.com
MAT,Mattel Inc,Leisure,USA,https://www.mattel.com
MBI,MBIA Inc,Insurance - Specialty,USA,https://www.mbia.com
MCD,McDonald’s Corporation,Restaurants,USA,https://corporate.mcdonalds.com
MCHP,Microchip Technology Inc,Semiconductors,USA,https://www.microchip.com
MCK,McKesson Corporation,Medical Distribution,USA,https://www.mckesson.com
MCO,Moodys Corporation,Financial Data & Stock Exchanges,USA,https://www.moodys.com
MDLZ,Mondelez International Inc,Confectioners,USA,https://www.mondelezinternational.com
MDP,Meredith Corporation,Publishing,USA,http://www.meredith.com
MDT,Medtronic PLC,Medical Devices,USA,https://www.medtronic.com
MEE,Massey Energy Co,Other,USA,
MET,MetLife Inc,Insurance - Life,USA,https://www.metlife.com
META,Meta Platforms Inc.,Internet Content & Information,USA,https://investor.fb.com
MFCB,MFC Bancorp Ltd,Other,USA,www.mfcbancorpltd.com
MFE,McAfee Inc,Other,USA,www.mcafee.com
MGM,MGM Resorts International,Resorts & Casinos,USA,https://www.mgmresorts.com
MHK,Mohawk Industries Inc,"Furnishings, Fixtures & Appliances",USA,https://www.mohawkind.com
MHS,MEDCO HEALTH SOLUTIONS INC,Other,USA,
MI,Marshall & Ilsley Corp,Other,USA,
MIL,EMD Millipore Corporation ,,USA,
MJN,Mead Johnson Nutrition CO,Other,USA,www.meadjohnson.com
MKC,McCormick & Company Incorporated,Packaged Foods,USA,https://www.mccormickcorporation.com
MKTX,MarketAxess Holdings Inc,Capital Markets,USA,https://www.marketaxess.com
MLM,Martin Marietta Materials Inc,Building Materials,USA,https://www.martinmarietta.com
MMC,Marsh & McLennan Companies Inc,Insurance Brokers,USA,https://www.mmc.com
MMI,Marcus & Millichap Inc,Real Estate Services,USA,https://www.marcusmillichap.com
MMM,3M Company,Conglomerates,USA,https://www.3m.com
MNK,Mallinckrodt plc,Drug Manufacturers - Specialty & Generic,USA,https://www.mallinckrodt.com
MNST,Monster Beverage Corp,Beverages - Non-Alcoholic,USA,https://www.monsterbevcorp.com
MO,Altria Group,Tobacco,USA,https://www.altria.com
MOH,Molina Healthcare Inc,Healthcare Plans,USA,https://www.molinahealthcare.com
MOLX,Molex Inc,Other,USA,
MON,Monument Circle Acquisition Corp,Investment Banking & Investment Services,USA,https://monumentcircleacquisition.com
MOS,The Mosaic Company,Agricultural Inputs,USA,https://www.mosaicco.com
MPC,Marathon Petroleum Corp,Oil & Gas Refining & Marketing,USA,https://www.marathonpetroleum.com
MPWR,Monolithic Power Systems Inc,Semiconductors,USA,https://www.monolithicpower.com
MRK,Merck & Company Inc,Drug Manufacturers - General,USA,https://www.merck.com
MRNA,Moderna Inc,Biotechnology,USA,https://www.modernatx.com
MRO,Marathon Oil Corporation,Oil & Gas E&P,USA,https://www.marathonoil.com
MRVL,Marvell Technology Group Ltd,Semiconductors,USA,https://www.marvell.com
MS,Morgan Stanley,Capital Markets,USA,https://www.morganstanley.com
MSCI,MSCI Inc,Financial Data & Stock Exchanges,USA,https://www.msci.com
MSFT,Microsoft Corporation,Software - Infrastructure,USA,https://www.microsoft.com
MSI,Motorola Solutions Inc,Communication Equipment,USA,https://www.motorolasolutions.com
MTB,M&T Bank Corp,Banks - Regional,USA,https://www3.mtb.com
MTCH,Match Group Inc,Internet Content & Information,USA,https://www.mtch.com
MTD,Mettler-Toledo International Inc,Diagnostics & Research,USA,https://www.mt.com
MTW,Manitowoc Company Inc,Farm & Heavy Construction Machinery,USA,https://www.manitowoc.com
MU,Micron Technology Inc,Semiconductors,USA,https://www.micron.com
MUR,Murphy Oil Corporation,Oil & Gas E&P,USA,https://www.murphyoilcorp.com
MWV,MeadWestvaco Corp,Other,USA,
MWW,Monster Worldwide Inc,Other,USA,www.monster.com/about
MXIM,Maxim Integrated Products Inc,Semiconductors,USA,http://www.maximintegrated.com
MYL,Viatris Inc, Drug Manufacturers - Specialty & Generic,USA,http://www.mylan.com
NAVI,Navient Corp,Credit Services,USA,https://www.navient.com
NBL,Noble Energy Inc,Oil & Gas E&P,USA,http://www.nblenergy.com
NBR,Nabors Industries Ltd,Oil & Gas Drilling,USA,https://www.nabors.com
NCLH,Norwegian Cruise Line Holdings Ltd,Travel Services,USA,https://www.nclhltd.com
NDAQ,Nasdaq Inc,Financial Data & Stock Exchanges,USA,https://www.nasdaq.com
NDSN,Nordson Corporation,Specialty Industrial Machinery,USA,https://www.nordson.com
NE,Noble Corporation plc,Oil & Gas Drilling,USA,https://www.noblecorp.com
NEE,Nextera Energy Inc,Utilities - Regulated Electric,USA,https://www.nexteraenergy.com
NEM,Newmont Goldcorp Corp,Gold,USA,https://www.newmont.com
NFLX,Netflix Inc,Entertainment,USA,https://www.netflix.com
NFX,Newfield Exploration Company,Other,USA,www.newfield.com
NI,NiSource Inc,Utilities - Regulated Gas,USA,https://www.nisource.com
NIHD,NII Holdings Inc,Telecom Services,USA,http://ir.nii.com
NKE,Nike Inc,Footwear & Accessories,USA,https://investors.nike.com
NKTR,Nektar Therapeutics,Biotechnology,USA,https://www.nektar.com
NLOK,NortonLifeLock Inc, Software - Infrastructure,USA,https://www.nortonlifelock.com
NLSN,Nielsen Holdings PLC,Consulting Services,USA,https://www.nielsen.com
NOC,Northrop Grumman Corporation,Aerospace & Defense,USA,https://www.northropgrumman.com
NOV,NOV Inc.,Oil & Gas Equipment & Services,USA,https://www.nov.com
NOVL,Novell Inc,Other,USA,
NOW,ServiceNow Inc,Software - Application,USA,https://www.servicenow.com
NRG,NRG Energy Inc.,Utilities - Independent Power Producers,USA,https://www.nrg.com
NSC,Norfolk Southern Corporation,Railroads,USA,https://www.norfolksouthern.com
NSM,Nationstar Mortgage Holdings Inc,Other,USA,
NTAP,NetApp Inc,Computer Hardware,USA,https://www.netapp.com
NTES,NetEase Inc,Electronic Gaming & Multimedia,USA,https://netease.gcs-web.com
NTRS,Northern Trust Corporation,Asset Management,USA,https://www.northerntrust.com
NUE,Nucor Corp,Steel,USA,https://www.nucor.com
NVDA,NVIDIA Corporation,Semiconductors,USA,https://www.nvidia.com
NVLS,Nivalis Therapeutics Inc,Other,USA,
NVR,NVR Inc,Residential Construction,USA,https://www.nvrinc.com
NWL,Newell Brands Inc,Household & Personal Products,USA,https://www.newellbrands.com
NWS,News Corp B,Entertainment,USA,https://newscorp.com
NWSA,News Corp A,Entertainment,USA,https://newscorp.com
NXPI,NXP Semiconductors NV,Semiconductors,USA,https://www.nxp.com
NYT,New York Times Company,Publishing,USA,https://www.nytco.com
NYX,NYIAX INC.,Other,USA,beta.nyse.com
O,Realty Income Corp,REIT - Retail,USA,https://www.realtyincome.com
ODFL,Old Dominion Freight Line Inc,Trucking,USA,https://www.odfl.com
ODP,ODP Corp,Specialty Retail,USA,https://investor.theodpcorp.com
OGN,Organon & Co,Drug Manufacturers - General,USA,https://www.organon.com
OI,O-I Glass Inc,Packaging & Containers,USA,https://www.o-i.com
OKE,ONEOK Inc,Oil & Gas Midstream,USA,https://www.oneok.com
OMC,Omnicom Group Inc,Advertising Agencies,USA,https://www.omnicomgroup.com
ON,ON Semiconductor Corporation,Semiconductors,USA,https://www.onsemi.com
ORCL,Oracle Corporation,Software - Infrastructure,USA,https://www.oracle.com
ORLY,O’Reilly Automotive Inc,Specialty Retail,USA,https://www.oreillyauto.com
OTIS,Otis Worldwide Corp,Specialty Industrial Machinery,USA,https://www.otis.com
OXY,Occidental Petroleum Corporation,Oil & Gas E&P,USA,https://www.oxy.com
PANW,Palo Alto Networks Inc,Software - Infrastructure,USA,https://www.paloaltonetworks.com
PARA,Paramount Global Class B,Entertainment,USA,https://www.paramount.com
PAYC,Paycom Soft,Software - Application,USA,https://www.paycom.com
PAYX,Paychex Inc,Staffing & Employment Services,USA,https://www.paychex.com
PBCT,People's United Financial Inc, Banks - Regional,USA,https://www.peoples.com
PBI,Pitney Bowes Inc,Integrated Freight & Logistics,USA,https://www.pitneybowes.com
PCAR,PACCAR Inc,Farm & Heavy Construction Machinery,USA,https://www.paccar.com
PCG,PG&E Corp,Utilities - Regulated Electric,USA,https://www.pgecorp.com
PCL,Plum Creek Timber Company. Inc,Other,USA,
PCLN,Booking Holdings Inc,Other,USA,
PCP,Precision Castparts Corp,Other,USA,www.precast.com
PCS,MetroPCS Communications Inc,Other,USA,
PDCO,Patterson Companies Inc,Medical Distribution,USA,https://www.pattersoncompanies.com
PEAK,Healthpeak Properties Inc,REIT - Healthcare Facilities,USA,https://www.healthpeak.com
PEG,Public Service Enterprise Group Inc,Utilities - Regulated Electric,USA,https://www.pseg.com
PENN,Penn National Gaming Inc,Resorts & Casinos,USA,https://www.pennentertainment.com
PEP,PepsiCo Inc,Beverages - Non-Alcoholic,USA,https://www.pepsico.com
PETM,PetSmart Inc,Other,USA,www.petsmart.com
PFE,Pfizer Inc,Drug Manufacturers - General,USA,https://www.pfizer.com
PFG,Principal Financial Group Inc,Asset Management,USA,https://www.principal.com
PG,Procter & Gamble Company,Household & Personal Products,USA,https://www.pginvestor.com
PGN,Paragon Offshore plc,Other,USA,
PGR,Progressive Corp,Insurance - Property & Casualty,USA,https://www.progressive.com
PH,Parker-Hannifin Corporation,Specialty Industrial Machinery,USA,https://www.parker.com
PHM,PulteGroup Inc,Residential Construction,USA,https://www.pultegroup.com
PKG,Packaging Corp of America,Packaging & Containers,USA,https://www.packagingcorp.com
PKI,PerkinElmer Inc,Diagnostics & Research,USA,https://www.perkinelmer.com
PLD,Prologis Inc,REIT - Industrial,USA,https://www.prologis.com
PLL,Piedmont Lithium Ltd ADR,Other Industrial Metals & Mining,USA,https://www.piedmontlithium.com
PM,Philip Morris International Inc,Tobacco,USA,https://www.pmi.com
PNC,PNC Financial Services Group Inc,Banks - Regional,USA,https://www.pnc.com
PNR,Pentair PLC,Specialty Industrial Machinery,USA,https://www.pentair.com
PNW,Pinnacle West Capital Corp,Utilities - Regulated Electric,USA,https://www.pinnaclewest.com
PODD,Insulet Corporation,Medical Devices,USA,https://www.insulet.com
POM,Pepco Holdings Inc,Other,USA,www.pepcoholdings.com
POOL,Pool Corporation,Industrial Distribution,USA,https://www.poolcorp.com
PPDI,Pharmaceutical Product Development Inc,Other,USA,
PPG,PPG Industries Inc,Specialty Chemicals,USA,https://www.ppg.com
PPL,PPL Corporation,Utilities - Regulated Electric,USA,https://www.pplweb.com
PRGO,Perrigo Company PLC,Drug Manufacturers - Specialty & Generic,USA,https://www.perrigo.com
PRU,Prudential Financial Inc,Insurance - Life,USA,https://www.prudential.com
PSA,Public Storage,REIT - Industrial,USA,https://www.publicstorage.com
PSX,Phillips 66,Oil & Gas Refining & Marketing,USA,https://www.phillips66.com
PTC,PTC Inc,Software - Application,USA,https://www.ptc.com
PTV,Pactiv Corp,Other,USA,
PVH,PVH Corp,Apparel Manufacturing,USA,https://www.pvh.com
PWR,Quanta Services Inc,Engineering & Construction,USA,https://www.quantaservices.com
PX,P10 Inc,Asset Management,USA,https://www.p10alts.com
PXD,Pioneer Natural Resources Co,Oil & Gas E&P,USA,https://www.pxd.com
PYPL,PayPal Holdings Inc,Credit Services,USA,https://www.paypal.com
Q,Quintiles Transnational,Other,USA,
QCOM,Qualcomm Incorporated,Semiconductors,USA,https://www.qualcomm.com
QEP,QEP Resources Inc,Oil & Gas E&P,USA,http://www.qepres.com
QGEN,Qiagen NV,Diagnostics & Research,USA,https://www.qiagen.com
QLGC,QLogic Corp,Other,USA,www.qlogic.com
QRVO,Qorvo Inc,Semiconductors,USA,https://www.qorvo.com
QTRN,Quintiles Transnational Corp,Other,USA,
QVCA,Qurate Retail Group Inc,Other,USA,
R,Ryder System Inc,Rental & Leasing Services,USA,https://www.ryder.com
RAD,Rite Aid Corporation,Pharmaceutical Retailers,USA,https://www.riteaid.com
RAI,Reynolds American Inc,Other,USA,www.reynoldsamerican.com
RCL,Royal Caribbean Cruises Ltd,Travel Services,USA,https://www.rclinvestor.com
RDC,Rowan Companies plc,Other,USA,www.rowan.com
REG,Regency Centers Corporation,REIT - Retail,USA,https://www.regencycenters.com
REGN,Regeneron Pharmaceuticals Inc,Biotechnology,USA,https://www.regeneron.com
RF,Regions Financial Corporation,Banks - Regional,USA,https://www.regions.com
RHI,Robert Half International Inc,Staffing & Employment Services,USA,https://www.roberthalf.com
RHT,Red Hat Inc,Other,USA,www.redhat.com
RIG,Transocean Ltd,Oil & Gas Drilling,USA,https://www.deepwater.com
RJF,Raymond James Financial Inc.,Capital Markets,USA,https://www.raymondjames.com
RL,Ralph Lauren Corp Class A,Apparel Manufacturing,USA,https://www.ralphlauren.com
RMD,ResMed Inc,Medical Instruments & Supplies,USA,https://www.resmed.com
ROK,Rockwell Automation Inc,Specialty Industrial Machinery,USA,https://www.rockwellautomation.com
ROL,Rollins Inc,Personal Services,USA,https://www.rollins.com
ROP,Roper Technologies Inc. Common Stock,Software - Application,USA,https://www.ropertech.com
ROST,Ross Stores Inc,Apparel Retail,USA,https://www.rossstores.com
RRC,Range Resources Corp,Oil & Gas E&P,USA,https://www.rangeresources.com
RRD,R. R. Donnelley & Sons Company,Specialty Business Services,USA,https://www.rrd.com
RSG,Republic Services Inc,Waste Management,USA,https://www.republicservices.com
RSH,RadioShack Corp,Other,USA,
RTN,Raytheon Company,Aerospace & Defense,USA,http://www.raytheon.com
RTX,Raytheon Technologies Corp,Aerospace & Defense,USA,https://www.rtx.com
RVTY,Revvity Inc.,Diagnostics & Research,USA,https://www.revvity.com/
RX,Ims Health Inc,Other,USA,
RYAAY,Ryanair Holdings PLC ADR,Airlines,USA,https://www.ryanair.com
S,SentinelOne Inc,Software - Infrastructure,USA,https://www.sentinelone.com
SAIC,Science Applications International Corp,Information Technology Services,USA,https://www.saic.com
SBAC,SBA Communications Corp,REIT - Specialty,USA,https://www.sbasite.com
SBL,Symbol Technologies Inc,Other,USA,
SBNY,Signature Bank,Banks - Regional,USA,https://www.signatureny.com
SBUX,Starbucks Corporation,Restaurants,USA,https://www.starbucks.com
SCG,SCANA Corporation,Other,USA,www.scana.com
SCHW,Charles Schwab Corp,Capital Markets,USA,https://www.schwab.com
SE,Sea Ltd,Internet Retail,USA,https://www.sea.com
SEDG,SolarEdge Technologies Inc,Solar,USA,https://www.solaredge.com
SEE,Sealed Air Corporation,Packaging & Containers,USA,https://www.sealedair.com
SGP,Schering Plough Corp,Other,USA,
SHLD,Global X Funds,,USA,
SHW,Sherwin-Williams Co,Specialty Chemicals,USA,https://www.sherwin-williams.com
SIAL,Sigma-Aldrich Corp,Other,USA,www.sigmaaldrich.com
SIG,Signet Jewelers Ltd,Luxury Goods,USA,https://www.signetjewelers.com
SII,Sprott Inc.,Asset Management,USA,https://www.sprott.com
SIRI,Sirius XM Holding Inc,Entertainment,USA,https://www.siriusxm.com
SIVB,SVB Financial Group, Banks - Regional,USA,
SJM,JM Smucker Company,Packaged Foods,USA,https://www.jmsmucker.com
SLB,Schlumberger NV,Oil & Gas Equipment & Services,USA,https://www.slb.com
SLE,Super League Enterprise Inc.,Internet Content & Information,USA,
SLG,SL Green Realty Corp,REIT - Office,USA,https://www.slgreen.com
SLM,SLM Corp,Credit Services,USA,https://www.salliemae.com
SNA,Snap-On Inc,Tools & Accessories,USA,https://www.snapon.com
SNDK,SanDisk Corp,Other,USA,www.sandisk.com
SNI,Scripps Networks Interactive Inc,Other,USA,
SNPS,Synopsys Inc,Software - Infrastructure,USA,https://www.synopsys.com
SO,Southern Company,Utilities - Regulated Electric,USA,https://www.southerncompany.com
SPG,Simon Property Group Inc,REIT - Retail,USA,https://www.simon.com
SPGI,S&P Global Inc,Financial Data & Stock Exchanges,USA,https://www.spglobal.com
SPLS,Staples Inc,Other,USA,www.staples.com
SRCL,Stericycle Inc,Waste Management,USA,https://www.stericycle.com
SRE,Sempra Energy,Utilities - Diversified,USA,https://www.sempra.com
STE,STERIS plc,Medical Devices,USA,https://www.steris.com
STI,SunTrust Banks Inc,Other,USA,www.suntrust.com
STJ,St. Jude Medical Inc,Other,USA,
STLD,Steel Dynamics Inc,Steel,USA,https://stld.steeldynamics.com
STR,Sitio Royalties Corp.,Oil & Gas E&P,USA,https://www.sitio.com
STT,State Street Corp,Asset Management,USA,https://www.statestreet.com
STX,Seagate Technology PLC,Computer Hardware,USA,https://www.seagate.com
STZ,Constellation Brands Inc Class A,Beverages - Wineries & Distilleries,USA,https://www.cbrands.com
SUN,Sunoco LP,Oil & Gas Refining & Marketing,USA,https://www.sunocolp.com
SUNE,Sunedison Inc,Other,USA,
SVU,SUPERVALU INC,Other,USA,www.supervalu.com
SWK,Stanley Black & Decker Inc,Tools & Accessories,USA,https://www.stanleyblackanddecker.com
SWKS,Skyworks Solutions Inc,Semiconductors,USA,https://www.skyworksinc.com
SWN,Southwestern Energy Company,Oil & Gas E&P,USA,https://www.swn.com
SWY,Safeway Inc,Other,USA,www.safeway.com
SYF,Synchrony Financial,Credit Services,USA,https://www.synchrony.com
SYK,Stryker Corporation,Medical Devices,USA,https://www.stryker.com
SYMC,NortonLifeLock Inc,Other,USA,www.symantec.com
SYY,Sysco Corporation,Food Distribution,USA,https://www.sysco.com
T,AT&T Inc,Telecom Services,USA,https://www.att.com
TAP,Molson Coors Brewing Co Class B,Beverages - Brewers,USA,https://www.molsoncoors.com
TDC,Teradata Corp,Software - Infrastructure,USA,https://www.teradata.com
TDG,Transdigm Group Incorporated,Aerospace & Defense,USA,https://www.transdigm.com
TDY,Teledyne Technologies Incorporated,Scientific & Technical Instruments,USA,https://www.teledyne.com
TE,TECO ENERGY INC,Other,USA,www.tecoenergy.com
TECH,Bio-Techne Corp,Biotechnology,USA,https://www.bio-techne.com
TEG,TEG,Other,USA,
TEL,TE Connectivity Ltd,Electronic Components,USA,https://www.te.com
TER,Teradyne Inc,Semiconductor Equipment & Materials,USA,https://www.teradyne.com
TEVA,Teva Pharma Industries Ltd ADR,Drug Manufacturers - Specialty & Generic,USA,https://www.tevapharm.com
TFC,Truist Financial Corp,Banks - Regional,USA,https://www.truist.com
TFX,Teleflex Incorporated,Medical Instruments & Supplies,USA,https://www.teleflex.com
TGNA,Tegna Inc,Broadcasting,USA,https://www.tegna.com
TGT,Target Corporation,Discount Stores,USA,https://corporate.target.com
THC,Tenet Healthcare Corporation,Medical Care Facilities,USA,https://www.tenethealth.com
TIE,Titanium Metals Corp,Other,USA,
TIF,Tiffany & Co,Luxury Goods,USA,http://www.tiffany.com
TJX,The TJX Companies Inc,Apparel Retail,USA,https://www.tjx.com
TLAB,Tellabs Inc,Other,USA,
TMK,Torchmark Corporation,Other,USA,www.torchmarkcorp.com
TMO,Thermo Fisher Scientific Inc,Diagnostics & Research,USA,https://www.thermofisher.com
TMUS,T-Mobile US Inc,Telecom Services,USA,https://www.t-mobile.com
TPR,Tapestry Inc,Luxury Goods,USA,https://www.tapestry.com
TRB,Tribune Co,Other,USA,
TRGP,Targa Resources Inc,Oil & Gas Midstream,USA,https://www.targaresources.com
TRIP,TripAdvisor Inc,Travel Services,USA,https://www.tripadvisor.com
TRMB,Trimble Inc,Scientific & Technical Instruments,USA,https://www.trimble.com
TROW,T. Rowe Price Group Inc,Asset Management,USA,https://www.troweprice.com
TRV,The Travelers Companies Inc,Insurance - Property & Casualty,USA,https://www.travelers.com
TSCO,Tractor Supply Company,Specialty Retail,USA,https://www.tractorsupply.com
TSG,The Stars Group Inc,Gambling,USA,http://www.starsgroup.com
TSLA,Tesla Inc,Auto Manufacturers,USA,https://www.tesla.com
TSN,Tyson Foods Inc,Farm Products,USA,https://www.tysonfoods.com
TSO,Tesoro Corporation,Other,USA,
TSS,Total System Services Inc,Other,USA,www.tsys.com
TT,Trane Technologies plc,Building Products & Equipment,USA,https://www.tranetechnologies.com
TTWO,Take-Two Interactive Software Inc,Electronic Gaming & Multimedia,USA,https://www.take2games.com
TWC,Time Warner Cable Inc,Other,USA,www.timewarnercable.com
TWTR,Twitter Inc,Internet Content & Information,USA,https://www.twitter.com
TWX,Time Warner Inc,Other,USA,www.warnermediagroup.com
TXN,Texas Instruments Incorporated,Semiconductors,USA,https://www.ti.com
TXT,Textron Inc,Aerospace & Defense,USA,https://www.textron.com
TYL,Tyler Technologies Inc,Software - Application,USA,https://www.tylertech.com
UA,Under Armour Inc C,Apparel Manufacturing,USA,https://www.underarmour.com
UAA,Under Armour Inc A,Apparel Manufacturing,USA,https://www.underarmour.com
UAL,United Airlines Holdings Inc,Airlines,USA,https://www.united.com
UDR,UDR Inc,REIT - Residential,USA,https://www.udr.com
UHS,Universal Health Services Inc,Medical Care Facilities,USA,https://uhs.com
ULTA,Ulta Beauty Inc,Specialty Retail,USA,https://www.ulta.com
UNH,UnitedHealth Group Incorporated,Healthcare Plans,USA,https://www.unitedhealthgroup.com
UNM,Unum Group,Insurance - Life,USA,https://www.unum.com
UNP,Union Pacific Corporation,Railroads,USA,https://www.up.com
UPS,United Parcel Service Inc,Integrated Freight & Logistics,USA,https://www.ups.com
URBN,Urban Outfitters Inc,Apparel Retail,USA,https://www.urbn.com
URI,United Rentals Inc,Rental & Leasing Services,USA,https://www.unitedrentals.com
USB,U.S. Bancorp,Banks - Regional,USA,https://www.usbank.com
UTX,Raytheon Technologies Corporation,Aerospace/Defense Products & Services,USA,http://www.rtx.com
V,Visa Inc. Class A,Credit Services,USA,https://usa.visa.com
VAR,Varian Medical Systems Inc,Medical Instruments & Supplies,USA,http://www.varian.com
VFC,VF Corporation,Apparel Manufacturing,USA,https://www.vfc.com
VIAB,Viacom Inc,Other,USA,www.viacom.com
VIAC,Paramount Global,Entertainment,USA,
VIAV,Viavi Solutions Inc,Communication Equipment,USA,https://www.viavisolutions.com
VICI,VICI Properties Inc,REIT - Diversified,USA,https://www.viciproperties.com
VIP,VimpelCom Ltd,Other,USA,
VLO,Valero Energy Corporation,Oil & Gas Refining & Marketing,USA,https://www.valero.com
VMC,Vulcan Materials Company,Building Materials,USA,https://www.vulcanmaterials.com
VMED,Virgin Media Inc,Other,USA,
VNO,Vornado Realty Trust,REIT - Office,USA,https://www.vno.com
VNT,Vontier Corp,Scientific & Technical Instruments,USA,https://www.vontier.com
VRSK,Verisk Analytics Inc,Consulting Services,USA,https://www.verisk.com
VRSN,VeriSign Inc,Software - Infrastructure,USA,https://www.verisign.com
VRTX,Vertex Pharmaceuticals Inc,Biotechnology,USA,https://www.vrtx.com
VTR,Ventas Inc,REIT - Healthcare Facilities,USA,https://www.ventasreit.com
VTRS,Viatris Inc,Drug Manufacturers - Specialty & Generic,USA,https://www.viatris.com
VZ,Verizon Communications Inc,Telecom Services,USA,https://www.verizon.com
WAB,Westinghouse Air Brake Technologies Corp,Railroads,USA,https://www.wabteccorp.com
WAT,Waters Corporation,Diagnostics & Research,USA,https://www.waters.com
WB,Weibo Corp,Internet Content & Information,USA,https://weibo.com
WBA,Walgreens Boots Alliance Inc,Pharmaceutical Retailers,USA,https://www.walgreensbootsalliance.com
WBD,Warner Bros Discovery Inc,Entertainment,USA,https://wbd.com/
WCG,WellCare Health Plans Inc,Other,USA,http://www.wellcare.com
WCRX,Warner Chilcott Plc,Other,USA,
WDC,Western Digital Corporation,Computer Hardware,USA,https://www.westerndigital.com
WEC,WEC Energy Group Inc,Utilities - Regulated Electric,USA,https://www.wecenergygroup.com
WELL,Welltower Inc,REIT - Healthcare Facilities,USA,https://www.welltower.com
WFC,Wells Fargo & Company,Banks - Diversified,USA,https://www.wellsfargo.com
WFM,Whole Foods Market Inc,Other,USA,www.wholefoodsmarket.com
WFR,WFR,,USA,
WHR,Whirlpool Corporation,"Furnishings, Fixtures & Appliances",USA,https://www.whirlpoolcorp.com
WIN,Windstream Holdings Inc,Other,USA,www.windstream.com
WLTW,Willis Towers Watson Public Limited Company,Insurance Brokers,USA,https://www.willistowerswatson.com
WM,Waste Management Inc,Waste Management,USA,https://www.wm.com
WMB,Williams Companies Inc,Oil & Gas Midstream,USA,https://www.williams.com
WMT,Walmart Inc,Discount Stores,USA,https://www.stock.walmart.com
WPX,WPX Energy Inc,Oil & Gas E&P,USA,http://www.wpxenergy.com
WRB,W. R. Berkley Corp,Insurance - Property & Casualty,USA,https://www.berkley.com
WRK,WestRock Co,Packaging & Containers,USA,https://www.westrock.com
WST,West Pharmaceutical Services Inc,Medical Instruments & Supplies,USA,https://www.westpharma.com
WTW,Willis Towers Watson PLC,Insurance Brokers,USA,https://www.willistowerswatson.com
WU,Western Union Co,Credit Services,USA,https://www.westernunion.com
WY,Weyerhaeuser Company,REIT - Specialty,USA,https://www.weyerhaeuser.com
WYN,Wyndham Worldwide Corporation,Other,USA,
WYNN,Wynn Resorts Limited,Resorts & Casinos,USA,https://www.wynnresorts.com
X,United States Steel Corporation,Steel,USA,https://www.ussteel.com
XEC,Cimarex Energy Co,Oil & Gas E&P,USA,http://www.cimarex.com
XEL,Xcel Energy Inc,Utilities - Regulated Electric,USA,https://www.xcelenergy.com
XL,XL Fleet Corp,Auto Components,USA,https://www.xlfleet.com
XLNX,Xilinx Inc,Semiconductors,USA,https://www.xilinx.com
XOM,Exxon Mobil Corp,Oil & Gas Integrated,USA,https://corporate.exxonmobil.com
XRAY,Dentsply Sirona Inc,Medical Instruments & Supplies,USA,https://www.dentsplysirona.com
XRX,Xerox Corp,Information Technology Services,USA,https://www.xerox.com
XTO,XTO ENERGY INC,Other,USA,www.xtoenergy.com
XYL,Xylem Inc,Specialty Industrial Machinery,USA,https://www.xylem.com
YHOO,Yahoo! Inc,Other,USA,
YUM,Yum! Brands Inc,Restaurants,USA,https://www.yum.com
ZBH,Zimmer Biomet Holdings Inc,Medical Devices,USA,https://www.zimmerbiomet.com
ZBRA,Zebra Technologies Corporation,Communication Equipment,USA,https://www.zebra.com
ZION,Zions Bancorporation,Banks - Regional,USA,https://www.zionsbancorporation.com
ZTS,Zoetis Inc,Drug Manufacturers - Specialty & Generic,USA,https://www.zoetis.com
